username,timestamp
adsa,2025-11-06 10:29:52.060083
adsa,2025-11-06 10:29:52.768110
adsa,2025-11-06 10:29:53.227281
adsa,2025-11-06 10:29:53.643920
adsa,2025-11-06 10:29:54.055952
sadasd,2025-11-06 10:29:57.655611
sadasd,2025-11-06 10:29:58.273785
sadasd,2025-11-06 10:29:58.456584
sadasd,2025-11-06 10:29:58.696369
sadasd,2025-11-06 10:29:58.879208
sdasd,2025-11-06 10:30:04.618625
sdasd,2025-11-06 10:30:05.826056
sdasd,2025-11-06 10:30:06.131505
sdasd,2025-11-06 10:30:06.292203
sdasd,2025-11-06 10:30:06.469123
asdassa,2025-11-06 10:44:18.007087
asdassa,2025-11-06 10:44:18.771449
asdassa,2025-11-06 10:44:19.215956
asdassa,2025-11-06 10:44:19.594311
asdassa,2025-11-06 10:44:19.993497
